time,C3,Cz,C4,EOG:ch01,EOG:ch02,EOG:ch03,EventStart
0,4.150453955901427,0.19226367589837492,0.22583352407110704,-20.263981078812847,18.738078889143207,-5.889982452124817,0
4,4.446478980697337,1.9134813458457314,4.299992370489051,-6.561379415579461,41.26039520866712,12.726024261844815,0
8,2.200350957503624,3.3630884260318914,2.221713588158999,-13.031204699778744,53.86434729533837,20.08087281605249,0
12,0.18616006713969635,1.1810482948043028,-0.8728160524910353,-37.079423208972294,28.839551384756234,6.775005722133211,0